City,Lat,Lng,Max Temp,Humidity,Cloudiness,Wind Speed,Country,Date
ribeira grande,38.52,-28.7,73.4,56,20,13.87,PT,1601396713
atuntaqui,0.33,-78.22,73.4,33,20,8.05,EC,1601396714
rikitea,-23.12,-134.97,70.25,80,100,20.54,PF,1601396714
atar,20.52,-13.05,101.71,14,0,8.23,MR,1601396714
atuona,-9.8,-139.03,77.04,74,0,19.42,PF,1601396715
qaanaaq,77.48,-69.36,16.32,80,31,4.03,GL,1601396715
rosita,13.93,-84.4,89.58,54,38,2.98,NI,1601396716
mahebourg,-20.41,57.7,73.4,88,75,8.05,MU,1601396716
victor harbor,-35.57,138.62,55.0,89,93,9.93,AU,1601396716
galeana,24.83,-100.07,56.12,54,21,6.17,MX,1601396717
aykhal,66.0,111.5,24.8,92,90,8.95,RU,1601396717
ushuaia,-54.8,-68.3,37.4,55,75,17.22,AR,1601396718
nikolskoye,59.7,30.79,55.0,87,75,2.24,RU,1601396718
waipawa,-41.41,175.52,41.0,80,74,5.82,NZ,1601396718
caarapo,-22.63,-54.82,94.71,35,24,10.51,BR,1601396719
hohhot,40.81,111.65,46.4,65,0,4.47,CN,1601396719
yulara,-25.24,130.99,68.0,64,0,8.05,AU,1601396719
bure,10.7,37.07,59.04,90,100,2.55,ET,1601396720
castro,-24.79,-50.01,84.22,46,29,3.6,BR,1601396592
suba,10.84,121.01,82.53,73,100,5.37,PH,1601396720
vaini,-21.2,-175.2,75.2,94,75,5.82,TO,1601396721
bluff,-46.6,168.33,41.0,83,89,13.0,NZ,1601396721
akyab,20.15,92.9,83.08,82,100,4.14,MM,1601396722
college,64.86,-147.8,36.0,92,75,1.45,US,1601396722
syumsi,57.11,51.61,50.4,75,40,1.81,RU,1601396722
cap malheureux,-19.98,57.61,70.0,85,98,3.0,MU,1601396723
kingman,35.19,-114.05,73.4,11,1,4.7,US,1601396723
tasiilaq,65.61,-37.64,33.8,80,75,10.29,GL,1601396723
torbay,47.67,-52.73,73.4,78,75,23.04,CA,1601396724
lorengau,-2.02,147.27,82.02,77,49,8.46,PG,1601396724
vila velha,-20.33,-40.29,84.2,66,0,13.87,BR,1601396553
thompson,55.74,-97.86,46.4,93,75,6.93,CA,1601396725
port hawkesbury,45.62,-61.35,75.99,78,90,11.41,CA,1601396725
punta arenas,-53.15,-70.92,35.6,93,75,18.34,CL,1601396540
thunder bay,48.4,-89.32,54.0,76,90,9.17,CA,1601396475
hermanus,-34.42,19.23,59.0,66,5,1.99,ZA,1601396726
kargat,55.2,80.28,35.04,85,1,8.12,RU,1601396726
saint george,37.1,-113.58,69.01,15,1,3.4,US,1601396629
pacifica,37.61,-122.49,64.99,77,40,9.17,US,1601396727
tortoli,39.93,9.66,73.4,60,40,4.7,IT,1601396727
tiksi,71.69,128.87,34.0,96,100,7.61,RU,1601396728
teya,60.38,92.63,28.89,96,28,2.89,RU,1601396728
saint anthony,45.02,-93.22,55.99,62,90,6.93,US,1601396728
mataura,-46.19,168.86,41.0,83,97,13.0,NZ,1601396729
dikson,73.51,80.55,34.86,84,92,18.12,RU,1601396729
cidreira,-30.18,-50.21,64.56,71,0,12.59,BR,1601396729
hobart,-42.88,147.33,52.0,62,100,9.17,AU,1601396492
pisco,-13.7,-76.22,66.99,77,1,11.41,PE,1601396671
beringovskiy,63.05,179.32,40.39,75,0,4.27,RU,1601396730
huanren,41.26,125.37,45.48,83,63,3.74,CN,1601396730
butaritari,3.07,172.79,81.18,77,62,17.47,KI,1601396731
ifanadiana,-21.3,47.63,63.91,79,0,1.79,MG,1601396731
tura,25.52,90.22,75.7,89,37,2.48,IN,1601396732
xichang,27.9,102.26,66.72,69,90,1.3,CN,1601396732
port alfred,-33.59,26.89,59.31,70,9,12.28,ZA,1601396733
canatlan,24.52,-104.78,64.4,59,75,8.05,MX,1601396733
labrea,-7.26,-64.8,101.05,31,7,3.22,BR,1601396733
garissa,-0.45,39.64,86.09,48,100,15.88,KE,1601396734
souillac,-20.52,57.52,73.4,88,75,8.05,MU,1601396734
abha,18.22,42.51,77.0,13,7,9.17,SA,1601397022
saskylakh,71.92,114.08,27.37,95,98,8.5,RU,1601396735
mar del plata,-38.0,-57.56,71.6,43,50,20.8,AR,1601396494
jamestown,42.1,-79.24,59.0,82,75,10.29,US,1601396536
itupiranga,-5.13,-49.33,93.2,59,40,6.93,BR,1601396598
cayenne,4.93,-52.33,89.6,59,40,12.75,GF,1601396736
barrow,71.29,-156.79,32.0,97,90,8.05,US,1601396463
broken hill,-31.95,141.43,55.4,87,90,3.36,AU,1601396736
troitsko-pechorsk,62.71,56.2,48.11,92,0,4.76,RU,1601396737
norman wells,65.28,-126.83,39.2,93,75,13.87,CA,1601396737
kamenka,51.32,42.77,57.0,35,83,10.42,RU,1601396737
gat,31.61,34.76,84.2,74,20,6.93,IL,1601396521
sikasso,10.92,-7.0,91.71,50,57,5.21,ML,1601396738
longyearbyen,78.22,15.64,41.0,80,75,16.11,SJ,1601396644
sohagpur,22.7,78.2,75.81,80,43,3.18,IN,1601396739
kamaishi,39.27,141.88,58.35,68,100,2.64,JP,1601396739
zhigalovo,54.81,105.16,38.16,86,95,3.24,RU,1601396739
sur,22.57,59.53,84.0,57,0,7.83,OM,1601396740
evensk,61.95,159.23,40.51,84,100,4.85,RU,1601396740
severo-kurilsk,50.68,156.12,50.77,81,61,12.46,RU,1601396741
kapaa,22.08,-159.32,71.6,88,1,8.05,US,1601396741
port-gentil,-0.72,8.78,84.2,66,20,13.87,GA,1601396742
balotra,25.83,72.23,90.45,35,80,2.62,IN,1601396742
zhigansk,66.77,123.37,33.12,92,93,19.6,RU,1601396743
ancud,-41.87,-73.82,39.0,94,100,4.0,CL,1601396743
abaza,52.66,90.09,39.58,80,100,2.44,RU,1601396744
la ronge,55.1,-105.28,53.6,58,40,12.75,CA,1601396744
lompoc,34.64,-120.46,57.2,93,90,4.43,US,1601396541
east london,-33.02,27.91,59.0,72,40,14.99,ZA,1601396745
mocuba,-16.84,36.99,83.26,50,67,10.25,MZ,1601396745
nabire,-3.37,135.48,76.35,88,98,3.8,ID,1601396745
bredasdorp,-34.53,20.04,60.8,48,72,12.75,ZA,1601396746
khatanga,71.97,102.5,31.23,99,100,10.45,RU,1601396746
mehamn,71.04,27.85,55.4,71,0,12.75,NO,1601396747
bachaquero,9.97,-71.15,86.23,69,100,5.12,VE,1601396747
bethel,41.37,-73.41,71.01,88,90,5.82,US,1601396449
port hedland,-20.32,118.57,69.8,68,0,6.93,AU,1601396747
saint-philippe,-21.36,55.77,73.4,78,49,12.75,RE,1601396748
ambilobe,-13.2,49.05,74.19,84,65,0.4,MG,1601396748
kichera,55.94,110.1,41.72,81,100,3.74,RU,1601396749
shestakovo,56.49,103.96,42.1,91,100,3.74,RU,1601396749
albany,42.6,-73.97,73.0,79,49,4.0,US,1601396750
ponta do sol,32.67,-17.1,73.4,64,40,10.29,PT,1601396750
loreto,22.27,-101.97,64.98,57,48,14.81,MX,1601396750
krasnoselkup,65.7,82.47,35.91,85,100,10.67,RU,1601396751
hilo,19.73,-155.09,71.01,64,20,6.93,US,1601396683
yellowknife,62.46,-114.35,42.8,87,75,14.99,CA,1601396752
benicarlo,40.42,0.43,68.0,71,0,4.0,ES,1601396752
tynda,55.17,124.72,33.8,91,7,1.61,RU,1601396752
pevek,69.7,170.31,38.68,74,100,19.55,RU,1601396753
joshimath,30.57,79.57,57.85,47,12,3.09,IN,1601396753
provideniya,64.38,-173.3,36.99,80,100,4.65,RU,1601396754
havoysund,71.0,24.66,53.6,76,21,13.87,NO,1601396754
tenenkou,14.46,-4.92,102.31,19,14,6.11,ML,1601396754
adrar,20.5,-10.07,99.27,14,0,4.85,MR,1601396755
sao joao da barra,-21.64,-41.05,82.4,65,40,20.8,BR,1601396755
puerto ayora,-0.74,-90.35,69.8,77,90,14.99,EC,1601396526
barra patuca,15.8,-84.28,87.42,62,1,6.33,HN,1601396755
lagoa,39.05,-27.98,66.63,66,12,11.41,PT,1601396756
kyela,-9.58,33.85,76.1,64,53,1.16,TZ,1601396756
miri,4.41,114.01,78.01,100,20,1.12,MY,1601396757
airai,-8.93,125.41,59.18,83,75,2.84,TL,1601396757
phrae,18.08,100.0,72.79,98,100,1.34,TH,1601396757
camacha,33.08,-16.33,73.4,64,40,13.87,PT,1601396758
brasy,49.84,13.58,57.0,100,97,0.85,CZ,1601396758
nkayi,-4.18,13.29,93.69,33,34,8.03,CG,1601396759
ossora,59.24,163.07,44.51,88,100,16.46,RU,1601396759
new norfolk,-42.78,147.06,52.0,59,100,3.02,AU,1601396760
sidney,-33.87,151.21,55.4,71,75,4.7,AU,1601396741
busselton,-33.65,115.33,59.0,79,97,8.28,AU,1601396760
lethem,3.38,-59.8,92.08,47,37,10.74,GY,1601396761
vanavara,60.34,102.28,27.64,94,73,4.18,RU,1601396761
chokurdakh,70.63,147.92,35.13,92,19,6.08,RU,1601396761
tezu,27.92,96.17,77.29,71,14,3.29,IN,1601396762
grindavik,63.84,-22.43,44.6,75,40,10.29,IS,1601396762
margate,51.38,1.39,62.01,71,56,5.99,GB,1601396581
avarua,-21.21,-159.78,71.6,83,40,10.29,CK,1601396676
el alto,-4.27,-81.21,75.2,57,0,14.99,PE,1601396763
pafos,34.77,32.42,82.0,62,20,12.75,CY,1601396559
cuamba,-14.8,36.54,84.92,26,64,4.5,MZ,1601396764
cerqueira cesar,-23.04,-49.17,87.89,44,60,6.8,BR,1601396764
havelock,34.88,-76.9,75.99,94,20,8.05,US,1601396764
magaria,13.0,8.91,92.53,36,100,12.08,NE,1601396765
cibitoke,-2.88,29.25,68.25,80,99,2.35,BI,1601396765
sistranda,63.73,8.83,53.6,93,40,2.24,NO,1601396765
bonavista,48.65,-53.11,65.68,76,93,19.01,CA,1601396766
road town,18.42,-64.62,86.0,74,40,12.75,VG,1601396477
marzuq,14.4,46.47,79.29,58,13,8.1,YE,1601396766
katsuura,35.13,140.3,66.2,59,75,13.87,JP,1601396767
jacareacanga,-6.22,-57.75,99.79,31,0,5.12,BR,1601396768
general pico,-35.66,-63.76,74.84,38,0,13.24,AR,1601396475
galle,6.04,80.22,80.22,83,100,11.43,LK,1601396768
san patricio,19.22,-104.7,91.4,63,40,1.52,MX,1601396769
kaseda,31.42,130.32,70.34,77,95,5.21,JP,1601396769
faanui,-16.48,-151.75,77.9,76,1,22.57,PF,1601396769
pinawa,50.15,-95.88,55.04,70,34,9.95,CA,1601396710
melilla,35.29,-2.94,77.0,78,40,8.05,ES,1601396479
salalah,17.02,54.09,80.6,74,20,8.05,OM,1601396770
kavaratti,10.57,72.64,81.25,80,27,14.09,IN,1601396771
rawson,-43.3,-65.1,54.0,63,0,11.41,AR,1601396771
maceio,-9.67,-35.74,84.2,62,40,13.87,BR,1601396771
bontang,0.13,117.5,80.56,79,0,4.05,ID,1601396772
mandera,3.94,41.87,92.86,30,88,16.17,KE,1601396772
batagay,67.63,134.63,38.91,72,100,7.34,RU,1601396773
olafsvik,64.89,-23.71,38.3,90,100,10.16,IS,1601396773
vardo,70.37,31.11,51.8,87,40,33.33,NO,1601396773
prestea,5.43,-2.14,82.96,72,92,7.63,GH,1601396774
auki,-8.77,160.7,75.88,81,91,4.45,SB,1601396774
arraial do cabo,-22.97,-42.03,80.6,78,40,9.17,BR,1601396774
qui nhon,13.77,109.23,81.12,74,100,6.82,VN,1601396775
luderitz,-26.65,15.16,68.45,35,0,30.15,NA,1601396775
vilyuysk,63.76,121.62,30.78,93,0,8.99,RU,1601396776
qidong,31.81,121.66,73.0,76,91,0.87,CN,1601396776
sao filipe,14.9,-24.5,80.01,76,35,11.61,CV,1601396777
avera,33.19,-82.53,82.4,78,40,11.41,US,1601396777
villazon,-22.09,-65.59,63.5,22,83,9.13,BO,1601396777
upernavik,72.79,-56.15,24.13,86,84,4.88,GL,1601396778
santa maria,-29.68,-53.81,69.8,56,61,11.41,BR,1601396778
pandamatenga,-18.53,25.63,87.76,22,91,5.28,BW,1601396778
kirakira,-10.45,161.92,77.65,80,4,6.11,SB,1601396779
camana,-16.62,-72.71,67.3,63,41,11.03,PE,1601396779
tuktoyaktuk,69.45,-133.04,35.6,98,75,10.29,CA,1601396780
raudeberg,61.99,5.14,52.0,96,100,6.06,NO,1601396780
windhoek,-22.56,17.08,81.0,6,0,4.7,NA,1601396780
te anau,-45.42,167.72,29.23,96,54,0.69,NZ,1601396781
la primavera,5.49,-70.41,88.09,60,11,5.61,CO,1601396781
labuhan,-6.88,112.21,79.59,76,4,8.93,ID,1601396782
guarapari,-20.67,-40.5,84.2,66,16,13.87,BR,1601396745
dawson creek,55.77,-120.24,51.8,53,1,13.87,CA,1601396783
gweta,-20.18,25.23,91.92,16,51,9.22,BW,1601396783
esperance,-33.87,121.9,59.0,100,90,13.87,AU,1601396783
naze,28.37,129.48,75.2,83,90,2.24,JP,1601396784
ponta delgada,37.73,-25.67,71.6,68,20,17.22,PT,1601396784
nanortalik,60.14,-45.24,37.96,71,0,24.16,GL,1601396785
port lincoln,-34.73,135.87,54.25,84,25,12.24,AU,1601396785
chuy,-33.7,-53.46,64.83,52,0,6.08,UY,1601396785
nikel,69.41,30.22,53.6,81,75,18.34,RU,1601396786
gravdal,68.12,13.5,51.8,93,75,6.93,NO,1601396786
magalia,39.81,-121.58,78.8,18,5,4.09,US,1601396786
malazgirt,39.14,42.54,62.2,41,0,5.39,TR,1601396786
port macquarie,-31.43,152.92,48.99,94,14,1.01,AU,1601396735
meteti,8.5,-77.98,89.8,61,91,1.7,PA,1601396787
mount gambier,-37.83,140.77,53.6,93,90,8.05,AU,1601396787
zhanakorgan,43.91,67.25,61.65,28,97,22.79,KZ,1601396788
kafanchan,9.58,8.3,72.01,92,100,1.12,NG,1601396788
cairns,-16.92,145.77,75.2,64,90,12.75,AU,1601396783
yasnyy,51.03,59.87,55.33,51,0,8.43,RU,1601396789
talnakh,69.49,88.4,35.6,100,90,13.42,RU,1601396789
henties bay,-22.12,14.28,61.0,76,1,6.2,NA,1601396790
kamyshevatskaya,46.41,37.96,73.6,46,100,17.92,RU,1601396790
carnarvon,-24.87,113.63,66.2,77,0,19.46,AU,1601396790
mangai,-4.05,19.53,77.13,84,98,3.62,CD,1601396791
iqaluit,63.75,-68.51,26.6,68,20,10.29,CA,1601396791
campbell river,50.02,-125.24,55.0,100,5,2.24,CA,1601396590
amahai,-3.33,128.92,77.41,85,82,2.42,ID,1601396792
awbari,26.59,12.78,99.28,9,0,14.18,LY,1601396792
flinders,-34.58,150.86,57.99,77,100,1.01,AU,1601396793
laguna,38.42,-121.42,71.6,52,1,3.18,US,1601396793
venice,27.1,-82.45,86.0,79,1,9.17,US,1601396794
berlevag,70.86,29.09,55.4,81,20,32.21,NO,1601396794
tommot,58.96,126.29,42.71,89,100,5.1,RU,1601396794
port elizabeth,-33.92,25.57,55.4,82,40,9.17,ZA,1601396795
baglung,28.27,83.59,68.32,78,10,2.84,NP,1601396795
victoria,22.29,114.16,82.0,85,44,10.47,HK,1601396535
hasaki,35.73,140.83,59.0,87,75,10.29,JP,1601396796
bushehr,28.97,50.84,91.4,55,20,16.11,IR,1601396698
carauari,-4.88,-66.9,95.54,40,88,5.06,BR,1601396796
umm lajj,25.02,37.27,87.78,52,0,4.7,SA,1601396797
bac lieu,9.29,105.72,79.05,83,62,5.88,VN,1601396797
kruisfontein,-34.0,24.73,57.99,66,1,4.0,ZA,1601396797
cape town,-33.93,18.42,61.0,58,0,19.46,ZA,1601396798
boden,65.83,21.69,46.4,100,90,3.36,SE,1601396798
giaveno,45.05,7.35,68.0,57,100,1.01,IT,1601396798
newport,51.59,-3.0,63.0,62,25,1.01,GB,1601396675
tena,-0.98,-77.82,75.2,94,75,5.82,EC,1601396799
mount isa,-20.73,139.5,69.8,26,0,4.7,AU,1601396799
mondovi,44.4,7.82,71.01,52,100,3.36,IT,1601396800
mersing,2.43,103.84,77.0,94,40,5.82,MY,1601396800
balikpapan,-1.27,116.83,77.31,89,21,5.01,ID,1601396800
stara vyzhivka,51.44,24.44,57.7,76,100,4.88,UA,1601396801
kaitangata,-46.28,169.85,39.0,64,53,11.99,NZ,1601396801
batemans bay,-35.72,150.18,50.0,96,99,3.51,AU,1601396801
tanete,-3.94,119.78,75.45,82,55,2.39,ID,1601396802
dicabisagan,17.08,122.42,80.47,82,99,3.96,PH,1601396802
haizhou,34.58,119.13,63.46,87,1,7.27,CN,1601396803
umarkot,25.36,69.74,88.7,46,0,16.24,PK,1601396803
champerico,14.3,-91.92,82.4,74,75,4.7,GT,1601396803
ximei,24.96,118.38,77.0,78,90,6.71,CN,1601396725
georgetown,5.41,100.34,82.4,83,20,3.36,MY,1601396804
sabang,5.89,95.32,82.29,76,56,6.53,ID,1601396805
palmer,42.16,-72.33,77.0,61,75,5.82,US,1601396525
jablah,35.36,35.93,82.4,78,20,3.36,SY,1601396805
vostok,46.49,135.88,38.86,98,17,3.4,RU,1601396805
bandarbeyla,9.49,50.81,77.43,84,18,17.65,SO,1601396806
shingu,33.73,135.98,64.89,82,57,4.45,JP,1601396806
olga,43.74,135.29,47.98,82,94,6.06,RU,1601396807
nouakchott,18.09,-15.98,91.4,46,0,13.87,MR,1601396795
logan lake,50.5,-120.8,51.8,81,20,2.24,CA,1601396807
payo,-3.75,103.64,74.12,88,12,2.55,ID,1601396808
inhambane,-23.86,35.38,77.0,88,40,10.29,MZ,1601396808
tabuk,17.42,121.44,74.82,89,79,2.8,PH,1601396809
puerto quijarro,-17.78,-57.77,107.04,20,76,7.07,BO,1601396809
sitka,57.05,-135.33,48.2,81,90,8.05,US,1601396810
seoul,37.57,126.98,64.4,82,75,2.66,KR,1601396581
pontianak,-0.03,109.33,76.78,90,73,2.95,ID,1601396810
alugan,12.22,125.48,78.93,86,100,4.29,PH,1601396811
quesnel,53.0,-122.5,51.8,93,90,4.7,CA,1601396811
sioux lookout,50.1,-91.92,46.4,100,90,4.7,CA,1601396811
beira,-19.84,34.84,77.0,88,75,13.87,MZ,1601396798
namibe,-15.2,12.15,67.17,75,3,7.74,AO,1601396812
prince rupert,54.32,-130.32,51.8,100,90,3.36,CA,1601396552
peterhead,57.51,-1.8,55.0,71,35,10.29,GB,1601396812
todos santos,23.45,-110.22,84.99,69,0,3.0,MX,1601396812
gryfino,53.25,14.49,63.0,58,40,1.01,PL,1601396813
port hardy,50.7,-127.42,51.8,100,90,3.36,CA,1601396813
verkhnetulomskiy,68.61,31.8,42.8,100,0,2.24,RU,1601396813
vao,-22.67,167.48,67.59,71,0,18.54,NC,1601396814
ust-barguzin,53.45,108.98,40.66,70,53,3.29,RU,1601396814
paamiut,61.99,-49.67,35.17,77,0,17.96,GL,1601396815
nizwa,22.93,57.53,88.99,17,71,1.21,OM,1601396815
aleksandro-nevskiy,53.48,40.21,56.08,39,100,10.18,RU,1601396815
kavieng,-2.57,150.8,80.73,78,29,4.27,PG,1601396816
shugurovo,54.51,52.13,53.17,71,5,3.94,RU,1601396816
pangnirtung,66.15,-65.71,32.0,86,75,3.36,CA,1601396816
corinto,37.94,22.96,73.0,56,2,8.01,GR,1601396816
arman,59.7,150.17,42.73,88,100,5.86,RU,1601396817
sao miguel do tapuio,-5.5,-41.32,101.91,20,1,10.4,BR,1601396817
hambantota,6.12,81.12,78.8,100,20,8.05,LK,1601396818
portland,45.52,-122.68,66.0,82,20,4.7,US,1601396768
kodiak,57.79,-152.41,48.2,81,90,13.87,US,1601396818
lebu,-37.62,-73.65,51.98,74,94,25.43,CL,1601396819
dutlwe,-23.98,23.9,75.81,12,0,9.06,BW,1601396819
meulaboh,4.14,96.13,78.58,85,96,4.47,ID,1601396819
bambous virieux,-20.34,57.76,73.4,88,75,8.05,MU,1601396820
alice springs,-23.7,133.88,68.0,28,40,10.29,AU,1601396566
praia da vitoria,38.73,-27.07,69.8,64,75,11.63,PT,1601396820
andenes,69.31,16.12,53.6,87,75,14.99,NO,1601396821
ixtapa,20.7,-105.2,86.0,74,5,0.54,MX,1601396821
biak,-0.91,122.88,76.59,83,52,3.69,ID,1601396821
bengkulu,-3.8,102.27,77.5,88,17,10.47,ID,1601396822
mombetsu,44.35,143.35,53.01,84,93,5.99,JP,1601396822
odweyne,9.41,45.06,77.47,57,75,7.92,SO,1601396823
sinnamary,5.38,-52.95,86.22,60,2,9.26,GF,1601396824
wagar,16.15,36.2,98.62,13,43,4.65,SD,1601396825
hithadhoo,-0.6,73.08,84.04,70,21,11.95,MV,1601396825
tessalit,20.2,1.01,103.53,10,79,6.49,ML,1601396825
bubaque,11.28,-15.83,82.33,74,60,5.39,GW,1601396826
mabaruma,8.2,-59.78,89.28,59,100,6.85,GY,1601396826
saldanha,-33.01,17.94,62.6,48,0,19.46,ZA,1601396827
nouadhibou,20.93,-17.03,80.6,57,0,17.22,MR,1601396827
coihaique,-45.58,-72.07,44.6,48,75,4.7,CL,1601396593
pangody,65.85,74.49,41.2,68,100,10.85,RU,1601396828
guerrero negro,27.98,-114.06,81.57,50,0,3.51,MX,1601396828
ilulissat,69.22,-51.1,30.2,58,75,3.36,GL,1601396829
klaksvik,62.23,-6.59,51.8,81,27,18.34,FO,1601396829
amiens,49.9,2.3,64.99,82,90,6.93,FR,1601396830
njombe,-9.33,34.77,64.24,69,85,8.21,TZ,1601396830
nyagan,62.14,65.39,46.78,92,97,8.55,RU,1601396830
petatlan,17.52,-101.27,86.0,66,40,3.13,MX,1601396831
berbera,10.44,45.01,90.23,59,74,13.89,SO,1601396831
little current,45.98,-81.92,57.2,76,90,14.99,CA,1601396832
burnie,-41.07,145.92,51.01,86,100,5.99,AU,1601396832
shimoda,34.67,138.95,57.99,79,94,12.95,JP,1601396833
guhagar,17.48,73.19,77.4,83,0,3.87,IN,1601396833
merauke,-8.47,140.33,78.22,77,96,16.2,ID,1601396834
maningrida,-12.07,134.27,76.28,81,57,9.75,AU,1601396834
fortuna,40.6,-124.16,62.6,51,20,8.05,US,1601396834
nanning,22.82,108.32,80.6,88,78,2.24,CN,1601396835
dodge city,37.75,-100.02,68.0,22,1,9.17,US,1601396835
vizinga,61.07,50.1,49.53,87,79,4.03,RU,1601396835
pilar,-9.6,-35.96,84.2,62,40,13.87,BR,1601396836
yenotayevka,47.25,47.03,60.01,98,0,14.74,RU,1601396807
ucluelet,48.93,-125.55,57.0,100,5,4.09,CA,1601396540
carazinho,-28.28,-52.79,75.2,60,26,18.34,BR,1601396643
kahului,20.89,-156.47,73.99,78,40,6.35,US,1601396709
pytalovo,57.07,27.91,53.46,85,16,4.07,RU,1601396837
verkhnevilyuysk,63.45,120.32,30.85,92,1,8.03,RU,1601396837
pedasi,7.53,-80.03,83.39,68,92,3.76,PA,1601396838
pascagoula,30.37,-88.56,64.4,77,90,10.29,US,1601396662
shishou,29.72,112.42,65.89,95,98,5.99,CN,1601396839
beisfjord,68.38,17.6,55.4,87,20,24.16,NO,1601396839
ukiah,39.15,-123.21,66.99,59,1,2.1,US,1601396839
bayan,46.08,127.4,44.6,73,0,1.43,CN,1601396840
aksarka,66.56,67.8,41.81,91,100,9.08,RU,1601396840
heihe,50.24,127.49,39.2,69,0,4.47,CN,1601396840
axim,4.87,-2.24,79.61,80,54,11.56,GH,1601396841
vestmannaeyjar,63.44,-20.27,44.6,81,40,6.93,IS,1601396841
sao gabriel da cachoeira,-0.13,-67.09,86.0,74,20,3.36,BR,1601396842
grand-lahou,5.14,-5.02,79.48,80,39,11.74,CI,1601396842
liverpool,53.41,-2.98,61.0,59,20,2.24,GB,1601396644
srednekolymsk,67.45,153.68,43.86,73,92,6.15,RU,1601396843
maniitsoq,65.42,-52.9,30.25,86,27,5.59,GL,1601396843
nyuksenitsa,60.41,44.24,49.33,82,100,4.92,RU,1601396843
acapulco,16.86,-99.89,84.2,70,90,8.05,MX,1601396844
bilma,18.69,12.92,104.85,9,52,4.99,NE,1601396844
san quintin,30.48,-115.95,80.53,47,0,4.72,MX,1601396844
karratha,-20.74,116.85,69.82,54,1,9.24,AU,1601396845
udachnyy,66.42,112.4,24.8,92,90,8.95,RU,1601396846
geraldton,-28.77,114.6,50.0,87,4,3.36,AU,1601396846
bilibino,68.05,166.44,32.11,90,100,1.7,RU,1601396847
byron bay,-28.65,153.62,54.0,87,75,2.86,AU,1601396847
gwadar,25.12,62.33,81.52,79,0,8.66,PK,1601396848
canico,32.63,-16.85,73.4,64,40,10.29,PT,1601396615
lukovetskiy,64.3,41.92,51.8,71,20,4.47,RU,1601396848
solnechnyy,50.72,136.63,43.65,66,100,4.21,RU,1601396848
minna,9.61,6.56,71.6,94,20,3.36,NG,1601396849
tiznit,29.58,-9.5,79.09,46,0,7.18,MA,1601396850
gladstone,-23.85,151.25,62.6,63,1,5.82,AU,1601396850
mapastepec,15.43,-92.9,88.54,58,24,5.64,MX,1601396851
gizo,-8.1,156.84,80.19,83,100,16.33,SB,1601396851
manzanillo,20.34,-77.12,86.04,67,0,2.35,CU,1601396851
songkhla,6.83,100.67,77.0,94,20,2.24,TH,1601396852
islamkot,24.7,70.18,86.0,50,0,11.9,PK,1601396852
frontera,26.93,-101.45,67.89,33,0,4.59,MX,1601396852
washington,47.5,-120.5,55.0,82,0,1.01,US,1601396638
rio de janeiro,-22.9,-43.21,80.6,83,90,11.41,BR,1601396627
haines junction,60.75,-137.51,36.9,80,80,1.66,CA,1601396853
flin flon,54.77,-101.86,53.6,66,75,8.05,CA,1601396577
ekibastuz,51.67,75.37,41.65,65,0,8.66,KZ,1601396854
dukat,62.55,155.55,32.41,97,98,5.28,RU,1601396854
half moon bay,37.46,-122.43,68.0,77,20,3.36,US,1601396855
north bend,43.41,-124.22,64.99,82,1,8.05,US,1601396855
iyo,33.75,132.7,66.99,89,100,5.66,JP,1601396855
chicama,-7.84,-79.15,73.44,53,8,9.22,PE,1601396856
batagay-alyta,67.8,130.41,30.45,91,49,10.09,RU,1601396856
jam sahib,26.3,68.63,86.0,66,0,9.17,PK,1601396857
viedma,-40.81,-63.0,70.0,31,100,3.0,AR,1601396666
sawakin,19.11,37.33,88.52,61,0,4.09,SD,1601396857
constantine,36.37,6.61,84.2,23,27,8.05,DZ,1601396683
polyarnyy,69.2,33.45,42.8,100,0,2.24,RU,1601396858
broome,42.25,-75.83,60.01,93,90,5.82,US,1601396858
sao jose da coroa grande,-8.9,-35.15,80.02,64,55,9.57,BR,1601396858
borazjan,29.27,51.22,91.4,55,20,16.11,IR,1601396859
taltal,-25.4,-70.48,63.27,61,10,8.3,CL,1601396859
padang,-0.95,100.35,77.76,76,79,4.27,ID,1601396859
hervey bay,-25.3,152.85,57.2,71,0,6.93,AU,1601396606
omboue,-1.57,9.26,78.13,69,59,11.14,GA,1601396860
tingi,-11.3,35.03,72.34,51,66,8.14,TZ,1601396860
cabo san lucas,22.89,-109.91,89.6,55,20,3.36,MX,1601396710
pacific grove,36.62,-121.92,57.2,100,90,2.37,US,1601396779
abalak,58.13,68.59,38.95,75,32,4.09,RU,1601396861
alofi,-19.06,-169.92,75.2,94,77,8.05,NU,1601396862
boyolangu,-8.12,111.89,74.95,88,63,5.26,ID,1601396862
domoni,-12.26,44.53,77.05,73,21,2.93,KM,1601396862
mosquera,4.71,-74.23,62.6,55,75,9.17,CO,1601396863
calama,-22.47,-68.93,71.6,10,0,14.99,CL,1601396863
coxim,-18.51,-54.76,108.91,12,9,11.54,BR,1601396863
cantanhede,-3.63,-44.38,94.48,44,98,2.19,BR,1601396864
katangli,51.71,143.23,44.64,88,0,7.4,RU,1601396864
lyngseidet,69.58,20.22,57.2,67,26,16.11,NO,1601396864
eyl,7.98,49.82,78.69,79,34,16.71,SO,1601396865
diffa,13.32,12.61,87.4,47,81,4.25,NE,1601396865
jizan,17.33,42.67,91.4,70,40,9.17,SA,1601396865
van buren,35.44,-94.35,64.4,55,1,6.93,US,1601396578
jega,12.22,4.38,92.21,47,99,3.94,NG,1601396866
punta alta,-38.88,-62.07,70.68,39,100,19.86,AR,1601396866
sisimiut,66.94,-53.67,31.41,95,100,3.31,GL,1601396867
constitucion,-35.33,-72.42,53.17,71,100,15.43,CL,1601396867
ambulu,-8.35,113.61,75.4,88,23,3.13,ID,1601396868
jibuti,11.5,42.5,87.8,74,1,3.36,DJ,1601396868
chumikan,54.72,135.31,44.26,83,99,10.56,RU,1601396868
minsk,53.9,27.57,57.2,82,13,11.18,BY,1601396869
walvis bay,-22.96,14.51,69.8,43,0,5.82,NA,1601396869
eyrarbakki,63.86,-21.15,44.6,81,75,8.05,IS,1601396870
poum,-20.23,164.02,69.58,74,32,19.57,NC,1601396870
ponferrada,42.55,-6.6,75.0,37,0,1.99,ES,1601396770
riyadh,24.69,46.72,93.2,14,0,6.93,SA,1601396758
touros,-5.2,-35.46,86.0,48,8,18.34,BR,1601396871
dhidhdhoo,6.88,73.1,82.13,75,96,11.48,MV,1601396871
mahibadhoo,3.78,72.97,83.01,73,100,7.83,MV,1601396872
alpena,45.06,-83.43,59.0,62,75,11.41,US,1601396872
tateyama,34.98,139.87,66.2,59,75,13.87,JP,1601396786
jiblah,13.92,44.15,66.47,77,17,2.08,YE,1601396872
kismayo,-0.36,42.55,78.35,77,100,12.57,SO,1601396873
smithers,54.78,-127.17,46.4,100,75,1.36,CA,1601396873
dunedin,-45.87,170.5,39.0,79,96,5.01,NZ,1601396656
kyabe,9.45,18.94,80.01,82,60,3.24,TD,1601396874
bairiki,1.33,172.98,80.6,78,75,8.05,KI,1601396874
sinop,41.77,34.87,75.2,100,75,8.05,TR,1601396875
lipari,38.47,14.95,71.01,75,72,15.55,IT,1601396875
snyder,32.72,-100.92,68.0,20,1,11.41,US,1601396875
hami,42.8,93.45,55.63,37,54,23.49,CN,1601396876
taoudenni,22.68,-3.98,110.79,6,0,15.64,ML,1601396876
alta floresta,-9.88,-56.09,93.2,49,53,5.82,BR,1601396877
lerwick,60.15,-1.15,53.6,81,20,5.82,GB,1601396685
curillo,1.03,-75.92,91.47,47,14,3.06,CO,1601396877
saint-francois,46.42,3.91,63.0,72,90,5.82,FR,1601396878
caravelas,-17.71,-39.25,84.07,58,0,10.83,BR,1601396878
birao,10.28,22.79,79.72,82,81,4.92,CF,1601396878
tuatapere,-46.13,167.68,41.0,83,89,13.0,NZ,1601396879
uruzgan,32.83,66.0,55.17,39,0,5.95,AF,1601396879
mihai viteazu,46.53,23.75,55.4,93,90,11.41,RO,1601396879
khandyga,62.67,135.6,38.91,90,83,4.88,RU,1601396880
aitape,-3.14,142.35,79.57,84,45,5.03,PG,1601396880
manta,-0.95,-80.73,73.4,83,90,10.29,EC,1601396777
tucuman,-26.82,-65.22,84.2,23,0,9.17,AR,1601396631
soto la marina,23.77,-98.22,77.04,41,88,16.31,MX,1601396881
yar-sale,66.83,70.83,40.24,78,100,8.46,RU,1601396882
humberto de campos,-2.6,-43.46,91.89,47,39,11.61,BR,1601396867
da lat,11.95,108.44,61.23,100,99,3.47,VN,1601396883
hovd,48.01,91.64,40.03,64,100,3.0,MN,1601396883
wrexham,53.0,-3.0,61.0,59,40,5.82,GB,1601396883
timmins,48.47,-81.33,53.6,87,90,6.93,CA,1601396883
aklavik,68.22,-135.01,33.8,100,90,2.24,CA,1601396884
rio gallegos,-51.62,-69.22,42.8,30,90,20.8,AR,1601396870
santa vitoria do palmar,-33.52,-53.37,65.41,49,0,5.19,BR,1601396884
penedo,-10.29,-36.59,83.93,57,45,12.95,BR,1601396835
haikou,20.05,110.34,78.8,100,85,2.24,CN,1601396885
kanniyakumari,8.08,77.57,80.15,80,95,19.22,IN,1601396886
xuddur,4.12,43.89,86.81,39,93,6.08,SO,1601396886
comodoro rivadavia,-45.87,-67.5,41.0,93,90,8.05,AR,1601396776
rybinsk,58.04,38.84,51.19,70,81,7.14,RU,1601396682
chico,39.73,-121.84,78.8,17,5,1.77,US,1601396887
maragogi,-9.01,-35.22,80.15,64,35,9.55,BR,1601396887
lastoursville,-0.81,12.73,84.58,64,84,2.46,GA,1601396888
likhoslavl,57.13,35.46,54.09,77,65,6.71,RU,1601396888
kalengwa,-13.47,25.0,74.48,53,73,2.77,ZM,1601396889
davila,18.47,120.58,78.8,94,40,3.36,PH,1601396890
miyako,39.64,141.95,56.95,72,100,3.36,JP,1601396890
portoferraio,42.81,10.31,72.0,88,40,11.41,IT,1601396890
hamadan,34.8,48.51,52.25,58,35,6.55,IR,1601396891
kinango,-4.14,39.32,78.8,78,40,5.82,KE,1601396891
myre,69.1,15.95,53.6,87,75,14.99,NO,1601396891
praya,14.92,-23.51,86.0,62,20,14.99,CV,1601396891
vila,42.03,-8.16,73.99,52,0,10.0,PT,1601396892
palmares do sul,-30.26,-50.51,68.56,63,0,12.28,BR,1601396892
harindanga,22.04,88.32,86.0,94,40,4.7,IN,1601396893
quatre cocos,-20.21,57.76,73.4,88,75,8.05,MU,1601396894
leningradskiy,69.38,178.42,33.96,83,74,10.2,RU,1601396894
sandwick,60.0,-1.25,53.6,81,20,5.82,GB,1601396894
zhongshu,24.52,103.77,64.58,94,99,6.04,CN,1601396895
moron,-34.65,-58.62,75.0,31,0,17.22,AR,1601396876
zhangye,38.93,100.45,62.87,46,42,4.9,CN,1601396895
nuuk,64.18,-51.72,33.8,64,20,5.82,GL,1601396896
mnogovershinnyy,53.94,139.92,42.48,98,90,3.71,RU,1601396896
tocopilla,-22.09,-70.2,69.01,49,14,8.75,CL,1601396897
bathsheba,13.22,-59.52,89.6,70,40,20.8,BB,1601396897
isangel,-19.55,169.27,73.4,94,20,13.87,VU,1601396897
pochutla,15.74,-96.47,79.0,78,90,4.74,MX,1601396898
ocos,14.51,-92.19,82.4,88,40,6.93,GT,1601396898
awjilah,29.11,21.29,98.91,12,0,8.88,LY,1601396899
sambulawan,11.2,124.48,78.15,83,99,1.16,PH,1601396899
mogadishu,2.04,45.34,78.53,81,5,14.88,SO,1601396900
oeiras do para,-2.0,-49.85,95.27,37,0,7.09,BR,1601396900
atikokan,48.76,-91.62,47.52,88,100,7.61,CA,1601396730
vestmanna,62.16,-7.17,51.8,81,33,18.34,FO,1601396901
bolu,40.67,31.58,68.22,61,63,2.98,TR,1601396901
puerto carreno,6.19,-67.49,86.0,66,86,5.82,CO,1601396901
sept-iles,50.2,-66.38,60.8,100,75,4.7,CA,1601396822
makokou,0.57,12.86,77.29,88,74,2.55,GA,1601396902
koygorodok,60.45,51.0,49.15,86,80,3.76,RU,1601396902
port blair,11.67,92.75,80.83,82,100,21.27,IN,1601396902
fort nelson,58.81,-122.7,51.8,34,20,19.46,CA,1601396903
whitehorse,60.72,-135.05,26.6,92,20,2.24,CA,1601396840
anloga,5.79,0.9,84.2,74,20,16.11,GH,1601396903
keetmanshoop,-26.58,18.13,75.2,8,0,8.05,NA,1601396904
coquimbo,-29.95,-71.34,62.6,55,20,10.29,CL,1601396795
hay river,60.82,-115.8,48.2,76,75,18.34,CA,1601396905
northam,51.03,-4.22,57.99,76,66,5.99,GB,1601396905
mitsamiouli,-11.38,43.28,78.03,72,41,0.43,KM,1601396905
vila franca do campo,37.72,-25.43,71.6,68,20,17.22,PT,1601396906
morris,40.83,-74.53,72.0,93,76,7.94,US,1601396659
nurobod,40.91,69.8,62.6,33,75,9.17,UZ,1601396906
makakilo city,21.35,-158.09,77.0,78,90,3.36,US,1601396907
jining,35.41,116.58,62.94,82,1,5.7,CN,1601396907
porto de moz,-1.75,-52.24,94.89,41,94,4.83,BR,1601396908
tongzi,28.78,105.09,66.38,83,1,1.12,CN,1601396908
aracuai,-16.85,-42.07,102.36,18,0,5.77,BR,1601396908
badajoz,38.67,-6.17,84.99,22,60,3.0,ES,1601396909
serowe,-22.38,26.72,71.44,53,51,6.98,BW,1601396909
ulverstone,-41.15,146.17,51.01,77,100,5.99,AU,1601396910
pemangkat,1.17,108.97,79.61,79,76,2.68,ID,1601396910
seymchan,62.88,152.43,41.77,67,100,6.35,RU,1601396911
tabou,4.42,-7.35,78.89,85,49,12.26,CI,1601396911
san policarpo,12.18,125.51,79.29,86,100,4.61,PH,1601396911
lawrenceburg,38.04,-84.9,60.01,82,75,4.54,US,1601396912
durusu,41.31,28.68,73.4,68,75,14.99,TR,1601396912
lazaro cardenas,17.96,-102.2,83.61,69,96,7.25,MX,1601396912
toamasina,-18.17,49.38,75.2,83,40,2.24,MG,1601396913
samarai,-10.62,150.67,77.77,84,92,15.43,PG,1601396913
daru,-9.08,143.21,77.47,78,100,18.79,PG,1601396914
mastic beach,40.77,-72.85,73.4,78,90,9.17,US,1601396914
alihe,50.57,123.72,38.16,77,0,2.15,CN,1601396914
bunda,-2.05,33.87,77.0,73,20,11.41,TZ,1601396915
rio grande,-32.03,-52.1,66.0,53,0,3.0,BR,1601396667
tautira,-17.73,-149.15,73.4,88,20,2.24,PF,1601396915
newcastle,-32.93,151.78,57.99,81,75,6.93,AU,1601396916
